<?xml version="1.0" encoding="UTF-8"?>
<metadata xml:lang="en"><Esri><CreaDate>20231219</CreaDate><CreaTime>18423600</CreaTime><ArcGISFormat>1.0</ArcGISFormat><SyncOnce>FALSE</SyncOnce><DataProperties><itemProps><itemName Sync="TRUE">ISF_OSM</itemName><imsContentType Sync="TRUE">002</imsContentType><itemSize Sync="TRUE">0.000</itemSize><itemLocation><linkage Sync="TRUE">file://\\MOEIN-PC\Users\moein\Desktop\payan name\payan_name.gdb</linkage><protocol Sync="TRUE">Local Area Network</protocol></itemLocation></itemProps><coordRef><type Sync="TRUE">Projected</type><geogcsn Sync="TRUE">GCS_WGS_1984</geogcsn><peXml Sync="TRUE">&lt;ProjectedCoordinateSystem xsi:type='typens:ProjectedCoordinateSystem' xmlns:xsi='http://www.w3.org/2001/XMLSchema-instance' xmlns:xs='http://www.w3.org/2001/XMLSchema' xmlns:typens='http://www.esri.com/schemas/ArcGIS/10.8'&gt;&lt;WKT&gt;PROJCS[&amp;quot;WGS_1984_UTM_Zone_39S&amp;quot;,GEOGCS[&amp;quot;GCS_WGS_1984&amp;quot;,DATUM[&amp;quot;D_WGS_1984&amp;quot;,SPHEROID[&amp;quot;WGS_1984&amp;quot;,6378137.0,298.257223563]],PRIMEM[&amp;quot;Greenwich&amp;quot;,0.0],UNIT[&amp;quot;Degree&amp;quot;,0.0174532925199433]],PROJECTION[&amp;quot;Transverse_Mercator&amp;quot;],PARAMETER[&amp;quot;False_Easting&amp;quot;,500000.0],PARAMETER[&amp;quot;False_Northing&amp;quot;,10000000.0],PARAMETER[&amp;quot;Central_Meridian&amp;quot;,51.0],PARAMETER[&amp;quot;Scale_Factor&amp;quot;,0.9996],PARAMETER[&amp;quot;Latitude_Of_Origin&amp;quot;,0.0],UNIT[&amp;quot;Meter&amp;quot;,1.0],AUTHORITY[&amp;quot;EPSG&amp;quot;,32739]]&lt;/WKT&gt;&lt;XOrigin&gt;-5120900&lt;/XOrigin&gt;&lt;YOrigin&gt;1900&lt;/YOrigin&gt;&lt;XYScale&gt;10000&lt;/XYScale&gt;&lt;ZOrigin&gt;-100000&lt;/ZOrigin&gt;&lt;ZScale&gt;10000&lt;/ZScale&gt;&lt;MOrigin&gt;-100000&lt;/MOrigin&gt;&lt;MScale&gt;10000&lt;/MScale&gt;&lt;XYTolerance&gt;0.001&lt;/XYTolerance&gt;&lt;ZTolerance&gt;0.001&lt;/ZTolerance&gt;&lt;MTolerance&gt;0.001&lt;/MTolerance&gt;&lt;HighPrecision&gt;true&lt;/HighPrecision&gt;&lt;WKID&gt;32739&lt;/WKID&gt;&lt;LatestWKID&gt;32739&lt;/LatestWKID&gt;&lt;/ProjectedCoordinateSystem&gt;</peXml><projcsn Sync="TRUE">WGS_1984_UTM_Zone_39S</projcsn><csUnits Sync="TRUE">Linear Unit: Meter (1.000000)</csUnits></coordRef><lineage><Process ToolSource="D:\Program Files (x86)\ArcGIS\Desktop10.0\ArcToolbox\Toolboxes\Analysis Tools.tbx\Intersect" Date="20220115" Time="184505">Intersect "gis_osm_roads_free_1 #;BORDER #" E:\gis\isf_osm.shp ALL # INPUT</Process><Process ToolSource="D:\Program Files (x86)\ArcGIS\Desktop10.0\ArcToolbox\Toolboxes\Conversion Tools.tbx\FeatureClassToFeatureClass" Date="20220115" Time="185030">FeatureClassToFeatureClass E:\gis\isf_osm.shp E:\gis\Geodatabase.gdb\isfahan ISF_OSM # "FID_gis_os "FID_gis_os" true true false 9 Long 0 9 ,First,#,E:\gis\isf_osm.shp,FID_gis_os,-1,-1;osm_id "osm_id" true true false 10 Text 0 0 ,First,#,E:\gis\isf_osm.shp,osm_id,-1,-1;code "code" true true false 4 Short 0 4 ,First,#,E:\gis\isf_osm.shp,code,-1,-1;fclass "fclass" true true false 28 Text 0 0 ,First,#,E:\gis\isf_osm.shp,fclass,-1,-1;name "name" true true false 100 Text 0 0 ,First,#,E:\gis\isf_osm.shp,name,-1,-1;ref "ref" true true false 20 Text 0 0 ,First,#,E:\gis\isf_osm.shp,ref,-1,-1;oneway "oneway" true true false 1 Text 0 0 ,First,#,E:\gis\isf_osm.shp,oneway,-1,-1;maxspeed "maxspeed" true true false 3 Short 0 3 ,First,#,E:\gis\isf_osm.shp,maxspeed,-1,-1;layer "layer" true true false 12 Double 0 12 ,First,#,E:\gis\isf_osm.shp,layer,-1,-1;bridge "bridge" true true false 1 Text 0 0 ,First,#,E:\gis\isf_osm.shp,bridge,-1,-1;tunnel "tunnel" true true false 1 Text 0 0 ,First,#,E:\gis\isf_osm.shp,tunnel,-1,-1;len "len" true true false 4 Short 0 4 ,First,#,E:\gis\isf_osm.shp,len,-1,-1;FID_BORDER "FID_BORDER" true true false 9 Long 0 9 ,First,#,E:\gis\isf_osm.shp,FID_BORDER,-1,-1;AREA "AREA" true true false 19 Double 0 0 ,First,#,E:\gis\isf_osm.shp,AREA,-1,-1;PERIMETER "PERIMETER" true true false 19 Double 0 0 ,First,#,E:\gis\isf_osm.shp,PERIMETER,-1,-1;O1384_ "O1384_" true true false 19 Double 0 0 ,First,#,E:\gis\isf_osm.shp,O1384_,-1,-1;O1384_ID "O1384_ID" true true false 19 Double 0 0 ,First,#,E:\gis\isf_osm.shp,O1384_ID,-1,-1;Shape_Leng "Shape_Leng" true true false 19 Double 0 0 ,First,#,E:\gis\isf_osm.shp,Shape_Leng,-1,-1;Shape_Area "Shape_Area" true true false 19 Double 0 0 ,First,#,E:\gis\isf_osm.shp,Shape_Area,-1,-1" #</Process><Process ToolSource="d:\program files (x86)\arcgis\desktop10.8\ArcToolbox\Toolboxes\Data Management Tools.tbx\CalculateField" Date="20220410" Time="190749">CalculateField ISF_OSM minute "[Shape_Length] /[maxspeed]/60" VB #</Process><Process ToolSource="d:\program files (x86)\arcgis\desktop10.8\ArcToolbox\Toolboxes\Data Management Tools.tbx\CalculateField" Date="20220410" Time="190927">CalculateField ISF_OSM minute "[Shape_Length] /[maxspeed]/60" VB #</Process><Process ToolSource="d:\program files (x86)\arcgis\desktop10.8\ArcToolbox\Toolboxes\Data Management Tools.tbx\CalculateField" Date="20220410" Time="191149">CalculateField ISF_OSM minute "[Shape_Length] /[maxspeed]*1000/60" VB #</Process><Process ToolSource="d:\program files (x86)\arcgis\desktop10.8\ArcToolbox\Toolboxes\Data Management Tools.tbx\CalculateField" Date="20220410" Time="191312">CalculateField ISF_OSM minute "[Shape_Length] /([maxspeed]*1000/60)" VB #</Process><Process ToolSource="d:\program files (x86)\arcgis\desktop10.8\ArcToolbox\Toolboxes\Conversion Tools.tbx\FeatureClassToFeatureClass" Date="20220411" Time="130116">FeatureClassToFeatureClass E:\gis\Geodatabase.gdb\isfahan\ISF_OSM "C:\Users\moein\Desktop\payan name\payan_name.gdb\Isf_Net" ISF_OSM # "FID_gis_os "FID_gis_os" true true false 4 Long 0 0 ,First,#,E:\gis\Geodatabase.gdb\isfahan\ISF_OSM,FID_gis_os,-1,-1;osm_id "osm_id" true true false 10 Text 0 0 ,First,#,E:\gis\Geodatabase.gdb\isfahan\ISF_OSM,osm_id,-1,-1;code "code" true true false 2 Short 0 0 ,First,#,E:\gis\Geodatabase.gdb\isfahan\ISF_OSM,code,-1,-1;fclass "fclass" true true false 28 Text 0 0 ,First,#,E:\gis\Geodatabase.gdb\isfahan\ISF_OSM,fclass,-1,-1;name "name" true true false 100 Text 0 0 ,First,#,E:\gis\Geodatabase.gdb\isfahan\ISF_OSM,name,-1,-1;ref "ref" true true false 20 Text 0 0 ,First,#,E:\gis\Geodatabase.gdb\isfahan\ISF_OSM,ref,-1,-1;oneway "oneway" true true false 1 Text 0 0 ,First,#,E:\gis\Geodatabase.gdb\isfahan\ISF_OSM,oneway,-1,-1;maxspeed "maxspeed" true true false 2 Short 0 0 ,First,#,E:\gis\Geodatabase.gdb\isfahan\ISF_OSM,maxspeed,-1,-1;layer "layer" true true false 8 Double 0 0 ,First,#,E:\gis\Geodatabase.gdb\isfahan\ISF_OSM,layer,-1,-1;bridge "bridge" true true false 1 Text 0 0 ,First,#,E:\gis\Geodatabase.gdb\isfahan\ISF_OSM,bridge,-1,-1;tunnel "tunnel" true true false 1 Text 0 0 ,First,#,E:\gis\Geodatabase.gdb\isfahan\ISF_OSM,tunnel,-1,-1;len "len" true true false 2 Short 0 0 ,First,#,E:\gis\Geodatabase.gdb\isfahan\ISF_OSM,len,-1,-1;FID_BORDER "FID_BORDER" true true false 4 Long 0 0 ,First,#,E:\gis\Geodatabase.gdb\isfahan\ISF_OSM,FID_BORDER,-1,-1;AREA "AREA" true true false 8 Double 0 0 ,First,#,E:\gis\Geodatabase.gdb\isfahan\ISF_OSM,AREA,-1,-1;PERIMETER "PERIMETER" true true false 8 Double 0 0 ,First,#,E:\gis\Geodatabase.gdb\isfahan\ISF_OSM,PERIMETER,-1,-1;O1384_ "O1384_" true true false 8 Double 0 0 ,First,#,E:\gis\Geodatabase.gdb\isfahan\ISF_OSM,O1384_,-1,-1;O1384_ID "O1384_ID" true true false 8 Double 0 0 ,First,#,E:\gis\Geodatabase.gdb\isfahan\ISF_OSM,O1384_ID,-1,-1;Shape_Leng "Shape_Leng" true true false 8 Double 0 0 ,First,#,E:\gis\Geodatabase.gdb\isfahan\ISF_OSM,Shape_Leng,-1,-1;Shape_Length "Shape_Length" false true true 8 Double 0 0 ,First,#,E:\gis\Geodatabase.gdb\isfahan\ISF_OSM,Shape_Length,-1,-1;minute "minute" true true false 8 Double 0 0 ,First,#,E:\gis\Geodatabase.gdb\isfahan\ISF_OSM,minute,-1,-1" #</Process><Process ToolSource="c:\program files (x86)\arcgis\desktop10.6\ArcToolbox\Toolboxes\Data Management Tools.tbx\DefineProjection" Date="20240111" Time="020225">DefineProjection Ring3 PROJCS['WGS_1984_UTM_Zone_39N',GEOGCS['GCS_WGS_1984',DATUM['D_WGS_1984',SPHEROID['WGS_1984',6378137.0,298.257223563]],PRIMEM['Greenwich',0.0],UNIT['Degree',0.0174532925199433]],PROJECTION['Transverse_Mercator'],PARAMETER['False_Easting',500000.0],PARAMETER['False_Northing',0.0],PARAMETER['Central_Meridian',51.0],PARAMETER['Scale_Factor',0.9996],PARAMETER['Latitude_Of_Origin',0.0],UNIT['Meter',1.0]]</Process></lineage></DataProperties><SyncDate>20220411</SyncDate><SyncTime>13002700</SyncTime><ModDate>20220411</ModDate><ModTime>13002700</ModTime></Esri><dataIdInfo><envirDesc Sync="TRUE">Microsoft Windows 7 Version 6.1 (Build 7601) Service Pack 1; Esri ArcGIS 10.8.1.14362</envirDesc><dataLang><languageCode value="eng" country="USA"></languageCode><countryCode value="USA" Sync="TRUE"></countryCode></dataLang><idCitation><resTitle Sync="TRUE">ISF_OSM</resTitle><presForm><PresFormCd value="005"></PresFormCd></presForm></idCitation><descKeys><thesaName uuidref="723f6998-058e-11dc-8314-0800200c9a66"></thesaName><keyword Sync="TRUE">002</keyword></descKeys><spatRpType><SpatRepTypCd value="001"></SpatRepTypCd></spatRpType></dataIdInfo><mdLang><languageCode value="eng"></languageCode><countryCode value="USA" Sync="TRUE"></countryCode></mdLang><mdChar><CharSetCd value="004"></CharSetCd></mdChar><distInfo><distFormat><formatName Sync="TRUE">File Geodatabase Feature Class</formatName></distFormat><distTranOps><transSize Sync="TRUE">0.000</transSize></distTranOps></distInfo><mdHrLv><ScopeCd value="005"></ScopeCd></mdHrLv><mdHrLvName Sync="TRUE">dataset</mdHrLvName><refSysInfo><RefSystem><refSysID><identCode code="32739"></identCode><idCodeSpace Sync="TRUE">EPSG</idCodeSpace><idVersion Sync="TRUE">2.1(3.0.1)</idVersion></refSysID></RefSystem></refSysInfo><spdoinfo><ptvctinf><esriterm Name="ISF_OSM"><efeatyp Sync="TRUE">Simple</efeatyp><efeageom code="3" Sync="TRUE"></efeageom><esritopo Sync="TRUE">FALSE</esritopo><efeacnt Sync="TRUE">0</efeacnt><spindex Sync="TRUE">TRUE</spindex><linrefer Sync="TRUE">FALSE</linrefer></esriterm></ptvctinf></spdoinfo><spatRepInfo><VectSpatRep><geometObjs Name="ISF_OSM"><geoObjTyp><GeoObjTypCd value="002" Sync="TRUE"></GeoObjTypCd></geoObjTyp><geoObjCnt Sync="TRUE">0</geoObjCnt></geometObjs><topLvl><TopoLevCd value="001" Sync="TRUE"></TopoLevCd></topLvl></VectSpatRep></spatRepInfo><eainfo><detailed Name="ISF_OSM"><enttyp><enttypl Sync="TRUE">ISF_OSM</enttypl><enttypt Sync="TRUE">Feature Class</enttypt><enttypc Sync="TRUE">0</enttypc></enttyp><attr><attrlabl Sync="TRUE">OBJECTID</attrlabl><attalias Sync="TRUE">OBJECTID</attalias><attrtype Sync="TRUE">OID</attrtype><attwidth Sync="TRUE">4</attwidth><atprecis Sync="TRUE">0</atprecis><attscale Sync="TRUE">0</attscale><attrdef Sync="TRUE">Internal feature number.</attrdef><attrdefs Sync="TRUE">ESRI</attrdefs><attrdomv><udom Sync="TRUE">Sequential unique whole numbers that are automatically generated.</udom></attrdomv></attr><attr><attrlabl Sync="TRUE">Shape</attrlabl><attalias Sync="TRUE">Shape</attalias><attrtype Sync="TRUE">Geometry</attrtype><attwidth Sync="TRUE">0</attwidth><atprecis Sync="TRUE">0</atprecis><attscale Sync="TRUE">0</attscale><attrdef Sync="TRUE">Feature geometry.</attrdef><attrdefs Sync="TRUE">ESRI</attrdefs><attrdomv><udom Sync="TRUE">Coordinates defining the features.</udom></attrdomv></attr><attr><attrlabl Sync="TRUE">FID_gis_os</attrlabl><attalias Sync="TRUE">FID_gis_os</attalias><attrtype Sync="TRUE">Integer</attrtype><attwidth Sync="TRUE">4</attwidth><atprecis Sync="TRUE">0</atprecis><attscale Sync="TRUE">0</attscale></attr><attr><attrlabl Sync="TRUE">osm_id</attrlabl><attalias Sync="TRUE">osm_id</attalias><attrtype Sync="TRUE">String</attrtype><attwidth Sync="TRUE">10</attwidth><atprecis Sync="TRUE">0</atprecis><attscale Sync="TRUE">0</attscale></attr><attr><attrlabl Sync="TRUE">code</attrlabl><attalias Sync="TRUE">code</attalias><attrtype Sync="TRUE">SmallInteger</attrtype><attwidth Sync="TRUE">2</attwidth><atprecis Sync="TRUE">0</atprecis><attscale Sync="TRUE">0</attscale></attr><attr><attrlabl Sync="TRUE">fclass</attrlabl><attalias Sync="TRUE">fclass</attalias><attrtype Sync="TRUE">String</attrtype><attwidth Sync="TRUE">28</attwidth><atprecis Sync="TRUE">0</atprecis><attscale Sync="TRUE">0</attscale></attr><attr><attrlabl Sync="TRUE">name</attrlabl><attalias Sync="TRUE">name</attalias><attrtype Sync="TRUE">String</attrtype><attwidth Sync="TRUE">100</attwidth><atprecis Sync="TRUE">0</atprecis><attscale Sync="TRUE">0</attscale></attr><attr><attrlabl Sync="TRUE">ref</attrlabl><attalias Sync="TRUE">ref</attalias><attrtype Sync="TRUE">String</attrtype><attwidth Sync="TRUE">20</attwidth><atprecis Sync="TRUE">0</atprecis><attscale Sync="TRUE">0</attscale></attr><attr><attrlabl Sync="TRUE">oneway</attrlabl><attalias Sync="TRUE">oneway</attalias><attrtype Sync="TRUE">String</attrtype><attwidth Sync="TRUE">1</attwidth><atprecis Sync="TRUE">0</atprecis><attscale Sync="TRUE">0</attscale></attr><attr><attrlabl Sync="TRUE">maxspeed</attrlabl><attalias Sync="TRUE">maxspeed</attalias><attrtype Sync="TRUE">SmallInteger</attrtype><attwidth Sync="TRUE">2</attwidth><atprecis Sync="TRUE">0</atprecis><attscale Sync="TRUE">0</attscale></attr><attr><attrlabl Sync="TRUE">layer</attrlabl><attalias Sync="TRUE">layer</attalias><attrtype Sync="TRUE">Double</attrtype><attwidth Sync="TRUE">8</attwidth><atprecis Sync="TRUE">0</atprecis><attscale Sync="TRUE">0</attscale></attr><attr><attrlabl Sync="TRUE">bridge</attrlabl><attalias Sync="TRUE">bridge</attalias><attrtype Sync="TRUE">String</attrtype><attwidth Sync="TRUE">1</attwidth><atprecis Sync="TRUE">0</atprecis><attscale Sync="TRUE">0</attscale></attr><attr><attrlabl Sync="TRUE">tunnel</attrlabl><attalias Sync="TRUE">tunnel</attalias><attrtype Sync="TRUE">String</attrtype><attwidth Sync="TRUE">1</attwidth><atprecis Sync="TRUE">0</atprecis><attscale Sync="TRUE">0</attscale></attr><attr><attrlabl Sync="TRUE">len</attrlabl><attalias Sync="TRUE">len</attalias><attrtype Sync="TRUE">SmallInteger</attrtype><attwidth Sync="TRUE">2</attwidth><atprecis Sync="TRUE">0</atprecis><attscale Sync="TRUE">0</attscale></attr><attr><attrlabl Sync="TRUE">FID_BORDER</attrlabl><attalias Sync="TRUE">FID_BORDER</attalias><attrtype Sync="TRUE">Integer</attrtype><attwidth Sync="TRUE">4</attwidth><atprecis Sync="TRUE">0</atprecis><attscale Sync="TRUE">0</attscale></attr><attr><attrlabl Sync="TRUE">AREA</attrlabl><attalias Sync="TRUE">AREA</attalias><attrtype Sync="TRUE">Double</attrtype><attwidth Sync="TRUE">8</attwidth><atprecis Sync="TRUE">0</atprecis><attscale Sync="TRUE">0</attscale></attr><attr><attrlabl Sync="TRUE">PERIMETER</attrlabl><attalias Sync="TRUE">PERIMETER</attalias><attrtype Sync="TRUE">Double</attrtype><attwidth Sync="TRUE">8</attwidth><atprecis Sync="TRUE">0</atprecis><attscale Sync="TRUE">0</attscale></attr><attr><attrlabl Sync="TRUE">O1384_</attrlabl><attalias Sync="TRUE">O1384_</attalias><attrtype Sync="TRUE">Double</attrtype><attwidth Sync="TRUE">8</attwidth><atprecis Sync="TRUE">0</atprecis><attscale Sync="TRUE">0</attscale></attr><attr><attrlabl Sync="TRUE">O1384_ID</attrlabl><attalias Sync="TRUE">O1384_ID</attalias><attrtype Sync="TRUE">Double</attrtype><attwidth Sync="TRUE">8</attwidth><atprecis Sync="TRUE">0</atprecis><attscale Sync="TRUE">0</attscale></attr><attr><attrlabl Sync="TRUE">Shape_Leng</attrlabl><attalias Sync="TRUE">Shape_Leng</attalias><attrtype Sync="TRUE">Double</attrtype><attwidth Sync="TRUE">8</attwidth><atprecis Sync="TRUE">0</atprecis><attscale Sync="TRUE">0</attscale></attr><attr><attrlabl Sync="TRUE">minute</attrlabl><attalias Sync="TRUE">minute</attalias><attrtype Sync="TRUE">Double</attrtype><attwidth Sync="TRUE">8</attwidth><atprecis Sync="TRUE">0</atprecis><attscale Sync="TRUE">0</attscale></attr><attr><attrlabl Sync="TRUE">Shape_Length</attrlabl><attalias Sync="TRUE">Shape_Length</attalias><attrtype Sync="TRUE">Double</attrtype><attwidth Sync="TRUE">8</attwidth><atprecis Sync="TRUE">0</atprecis><attscale Sync="TRUE">0</attscale><attrdef Sync="TRUE">Length of feature in internal units.</attrdef><attrdefs Sync="TRUE">ESRI</attrdefs><attrdomv><udom Sync="TRUE">Positive real numbers that are automatically generated.</udom></attrdomv></attr></detailed></eainfo><mdDateSt Sync="TRUE">20220411</mdDateSt></metadata>
